[{"path":"\/token_image\/2016\/12\/16\/1481857191_585358a7f3df9_3098.png","checksum":"723580a51be595a59f4d0cf2ba250ddd"},{"path":"\/inc\/mobile\/admin.inc.php","checksum":"31763fe04e00f41fdce1fb4a65d070d4"},{"path":"\/inc\/mobile\/bind.inc.php","checksum":"1286dadb0081eedf49e7e1b1bc7d1f5c"},{"path":"\/inc\/mobile\/buy.inc.php","checksum":"4877f3b818ed5a859bd24558bc321a06"},{"path":"\/inc\/mobile\/card.inc.php","checksum":"4dfe4638f2c528a74be0cf9cef0388ed"},{"path":"\/inc\/mobile\/index.inc.php","checksum":"1aea1fd2f9d192c06e9f93c5ea9e2a39"},{"path":"\/inc\/mobile\/login.inc.php","checksum":"fa11e51bc264d28011878df67cef47c1"},{"path":"\/inc\/mobile\/offline.inc.php","checksum":"f2657e50b692b784ab89888988100367"},{"path":"\/inc\/mobile\/pay.inc.php","checksum":"2cf5df128406e0fdbaab087fbe8de39f"},{"path":"\/inc\/mobile\/qrcode.inc.php","checksum":"fcfdcf7a7379dff3c54b102daf800c5e"},{"path":"\/inc\/mobile\/reg.inc.php","checksum":"a0ae0c96aac50533a9c3872012523fc6"},{"path":"\/inc\/mobile\/sendsms.inc.php","checksum":"b5f1788ae53669abfd8c49113f5ebecf"},{"path":"\/inc\/mobile\/staff.inc.php","checksum":"8f42723bf1ef1d29e2d132fe11c1103b"},{"path":"\/inc\/web\/adminconfig.inc.php","checksum":"b87b4667689050ae453b8d7f18bfa5c0"},{"path":"\/inc\/web\/card.inc.php","checksum":"adabfc981c3d6cffe57bbc70f647b67d"},{"path":"\/inc\/web\/cardtype.inc.php","checksum":"19f2044031c6fb5370406a4ba1397303"},{"path":"\/inc\/web\/config.inc.php","checksum":"dff33fdd735ebf008d57e553003df747"},{"path":"\/inc\/web\/form.inc.php","checksum":"58842e2ff1b4fbf37875dfb0f39fddc3"},{"path":"\/inc\/web\/index.inc.php","checksum":"7e8e2e4d8482b8f1a863db77c4efa67b"},{"path":"\/inc\/web\/level.inc.php","checksum":"d42201333be1699fd18469bfcc5ee9a0"},{"path":"\/inc\/web\/member.inc.php","checksum":"c94e3c7d53a760f003722e7c85d818b9"},{"path":"\/inc\/web\/menu.inc.php","checksum":"4663d18fe43138a9d2ce4117acb67b00"},{"path":"\/inc\/web\/message.inc.php","checksum":"c5b0cec02c3c8f33bff46f7ad88818cf"},{"path":"\/inc\/web\/offline.inc.php","checksum":"afbcdc5055a6f26bf5863bb5bf3e07b0"},{"path":"\/inc\/web\/plugin.inc.php","checksum":"d9f941e9c9dac631dac527e81ac0b532"},{"path":"\/inc\/web\/update.inc.php","checksum":"a9e37eb10ea03def6643bc8c995dbb27"},{"path":"\/language.php","checksum":"f7a43e3074406be9e1257706d27f8741"},{"path":"\/model.php","checksum":"f3dabcc88e4077decf1735c684f1ef4c"},{"path":"\/module.php","checksum":"bec1193aab84815ec72de5b948ea266b"},{"path":"\/plugin\/level\/model\/card.php","checksum":"9d4840be1de4acc7759b11207519b64a"},{"path":"\/plugin\/level\/model\/ewei_shop2.php","checksum":"9c4cb54d994625f65699ce87c258739d"},{"path":"\/plugin\/level\/model\/j_money.php","checksum":"4738dae94e76450e16c0cbe1cc3068ee"},{"path":"\/plugin\/level\/model\/wmall.php","checksum":"a67f95d6c77555ebb5a1a0f7925e89e6"},{"path":"\/plugin\/wechart\/class\/card.class.php","checksum":"bee6b62d8d72dd3d020efc33773edf6e"},{"path":"\/preview.jpg","checksum":"c04eb60979a0ee765d91f574aed79e36"},{"path":"\/processor.php","checksum":"ec2b9a92de46672d6b4317474a30d373"},{"path":"\/receiver.php","checksum":"0ece36bbd3eab56b599824a0a4982ab2"},{"path":"\/require.php","checksum":"7e69e8972e6b752ef40e81d5b70a9414"},{"path":"\/sdk\/sms\/Autoloader.php","checksum":"b55ffae175bc51318b6698e2578bda12"},{"path":"\/sdk\/sms\/TopSdk.php","checksum":"998094d6ac77f54194b51ca43c926055"},{"path":"\/sdk\/sms\/aliyun\/AliyunClient.php","checksum":"3e9f858ce2e51af4b3e57e714a0e266b"},{"path":"\/sdk\/sms\/top\/ApplicationVar.php","checksum":"ab1f47ae6b39ac13cdd64b7d4ee7854f"},{"path":"\/sdk\/sms\/top\/ClusterTopClient.php","checksum":"906cd41e61f658a1deae3ee513f753cf"},{"path":"\/sdk\/sms\/top\/HttpdnsGetRequest.php","checksum":"87ba958c430ba4aa4891a49cf1d723a6"},{"path":"\/sdk\/sms\/top\/RequestCheckUtil.php","checksum":"448ea1539cb53e7a7d88b25a265a37ea"},{"path":"\/sdk\/sms\/top\/ResultSet.php","checksum":"891b43e43f55b6455435cdfb7032c271"},{"path":"\/sdk\/sms\/top\/SpiUtils.php","checksum":"0bd37f41e0a9410fb9c294c076dfc0c7"},{"path":"\/sdk\/sms\/top\/TopClient.php","checksum":"6597e9edb130d3850d6d4060d7668be8"},{"path":"\/sdk\/sms\/top\/TopLogger.php","checksum":"21e7817600b23b22efb925b544095687"},{"path":"\/sdk\/sms\/top\/domain\/Area.php","checksum":"1ebc99ff7f726fb6b24f006a8b1d52f7"},{"path":"\/sdk\/sms\/top\/domain\/BizResult.php","checksum":"fec7f4f727ede7974f89486579c2babd"},{"path":"\/sdk\/sms\/top\/domain\/FcPartnerSmsDetailDto.php","checksum":"884d5b033dcc8ed18a4e7e6059c47513"},{"path":"\/sdk\/sms\/top\/domain\/KfcSearchResult.php","checksum":"f33c764ab24d651ce9de46e2a27f90a8"},{"path":"\/sdk\/sms\/top\/domain\/Result.php","checksum":"76f7e8dae0c2a43abc57c4c323ae6071"},{"path":"\/sdk\/sms\/top\/domain\/Subtask.php","checksum":"3350133c200dfb2a47d20269fcc4bf60"},{"path":"\/sdk\/sms\/top\/domain\/Task.php","checksum":"6497435c6cf5d685bb22fcdce130f09a"},{"path":"\/sdk\/sms\/top\/request\/AlibabaAliqinFcFlowChargeProvinceRequest.php","checksum":"ff6edc0cd44abf5bba0bf1245d0c592c"},{"path":"\/sdk\/sms\/top\/request\/AlibabaAliqinFcFlowChargeRequest.php","checksum":"eba8681ad2dfb1dc96e1b8b8de09a5c8"},{"path":"\/sdk\/sms\/top\/request\/AlibabaAliqinFcFlowGradeRequest.php","checksum":"6c1b08f493152249dd12590f014a730b"},{"path":"\/sdk\/sms\/top\/request\/AlibabaAliqinFcFlowQueryRequest.php","checksum":"3a4140d64c15f986098572b3782deb14"},{"path":"\/sdk\/sms\/top\/request\/AlibabaAliqinFcSmsNumQueryRequest.php","checksum":"fe852182efdc137c19e7133999f3a674"},{"path":"\/sdk\/sms\/top\/request\/AlibabaAliqinFcSmsNumSendRequest.php","checksum":"cca3b26d4a45c6f33796b5cab0d9b43a"},{"path":"\/sdk\/sms\/top\/request\/AlibabaAliqinFcTtsNumSinglecallRequest.php","checksum":"9c8f67332f14b5fc4de5fde4f29e4553"},{"path":"\/sdk\/sms\/top\/request\/AlibabaAliqinFcVoiceNumDoublecallRequest.php","checksum":"f74ffedbbd7312ee5769460cc0cb7e55"},{"path":"\/sdk\/sms\/top\/request\/AlibabaAliqinFcVoiceNumSinglecallRequest.php","checksum":"9c56c88037b3cd191110ed7eb56bb876"},{"path":"\/sdk\/sms\/top\/request\/AppipGetRequest.php","checksum":"d2cee8914921e4532a9ce3994395365f"},{"path":"\/sdk\/sms\/top\/request\/AreasGetRequest.php","checksum":"f62b679edbc7c4e5e8566963dc81dcf0"},{"path":"\/sdk\/sms\/top\/request\/HttpdnsGetRequest.php","checksum":"40ef0157cda92a77b733686b9043ee3a"},{"path":"\/sdk\/sms\/top\/request\/KfcKeywordSearchRequest.php","checksum":"5fefafc9fc1e8c610e7329dbf9bbe217"},{"path":"\/sdk\/sms\/top\/request\/TimeGetRequest.php","checksum":"d7ac89619d44f55d5ce7f85789a60c1d"},{"path":"\/sdk\/sms\/top\/request\/TopAuthTokenCreateRequest.php","checksum":"193b89b5502f3f584c33cd0cd401edec"},{"path":"\/sdk\/sms\/top\/request\/TopAuthTokenRefreshRequest.php","checksum":"488046d76e74de9d27eaff76cdf32eed"},{"path":"\/sdk\/sms\/top\/request\/TopIpoutGetRequest.php","checksum":"f3cbd2bece42199c07989086b0c146f7"},{"path":"\/sdk\/sms\/top\/request\/TopSecretGetRequest.php","checksum":"42e197291ef5938bba6b4266b28e60ba"},{"path":"\/sdk\/sms\/top\/request\/TopatsResultGetRequest.php","checksum":"c349e023075ea223b54b38aaf193f99b"},{"path":"\/sdk\/sms\/top\/request\/TopatsTaskDeleteRequest.php","checksum":"eb41bfa699714e1cdb6aa73f5066eced"},{"path":"\/sdk\/zip\/unzip.class.php","checksum":"87ba6022b1ff4d0bbfc6da13ade004ad"},{"path":"\/site.php","checksum":"a9b0af43f398d9db94b66aba774f8d09"},{"path":"\/template\/adminconfig.html","checksum":"e450788c630a230e531dafbd05bb70cd"},{"path":"\/template\/adminconfig_all.html","checksum":"38d9ce508b505b5fe7a8af74279cd781"},{"path":"\/template\/adminconfig_basic.html","checksum":"293858a5f0c80f6a1877d06ee5836faa"},{"path":"\/template\/base_head.html","checksum":"0fcc182be6706a1274a5b78ed142c3bd"},{"path":"\/template\/card.html","checksum":"d4ac2f7f43336a2f67bd4a336395ddae"},{"path":"\/template\/card_form.html","checksum":"c9e2b18d137ca9997488fbdcc6e25916"},{"path":"\/template\/cardtype.html","checksum":"d26dc7dae31228df0fd85bfc3264cd86"},{"path":"\/template\/cardtypeadd.html","checksum":"4fda67881d0be47a77a641c9c431d085"},{"path":"\/template\/config.html","checksum":"db8d2fb86babb26a3731b18dec77d26d"},{"path":"\/template\/config_text.html","checksum":"a6d71455dda40e246eb34d2437a8b651"},{"path":"\/template\/css\/bootstrap.min.css","checksum":"6d63b7c3e57996c8ab84189bf437d476"},{"path":"\/template\/css\/css.css","checksum":"900dd3b94300f6fab1c847162370a8ef"},{"path":"\/template\/css\/datetimepicker.css","checksum":"7066d06b82b1f8b127ff716243f02e2a"},{"path":"\/template\/css\/font-awesome-ie7.css","checksum":"b5d6c68c27c60a53799aa3fa17058f5b"},{"path":"\/template\/css\/font-awesome-ie7.min.css","checksum":"4efc20143a3957f447ceeaa53695ceb6"},{"path":"\/template\/css\/font-awesome.css.map","checksum":"8d57a9642cf62d824132266202eac56a"},{"path":"\/template\/css\/font-awesome.min.css","checksum":"269550530cc127b6aa5a35925a7de6ce"},{"path":"\/template\/css\/jquery.mCustomScrollbar.css","checksum":"7751f158140b46076402d60c360103a0"},{"path":"\/template\/css\/layer.css","checksum":"256d69722d14eb385f419ff3192aeedb"},{"path":"\/template\/css\/new.css","checksum":"122054e79e7e2748ffa3b4b964a506e8"},{"path":"\/template\/css\/responsive.css","checksum":"6b6a1cac15d737ee4fff9969262687f9"},{"path":"\/template\/css\/style.css","checksum":"a3064350db8c723f1d33e6ad4e37cbef"},{"path":"\/template\/css\/wecard.css","checksum":"e6e191d1a6d0ec7d02032b1f6371ec97"},{"path":"\/template\/css\/zerogrid.css","checksum":"a2d8dbe704206ac8158a3f9768063c6d"},{"path":"\/template\/editcredit1.html","checksum":"c2685bedf94d5564e063e8a7bccec1dd"},{"path":"\/template\/editcredit2.html","checksum":"1097b0b90b97f9198b87dd70215b3d31"},{"path":"\/template\/fonts\/FontAwesome.otf","checksum":"0d2717cd5d853e5c765ca032dfd41a4d"},{"path":"\/template\/fonts\/font_1468390633_8859494.eot","checksum":"8152958a79159149698b8b24f324e0ae"},{"path":"\/template\/fonts\/fontawesome-webfont.eot","checksum":"674f50d287a8c48dc19ba404d20fe713"},{"path":"\/template\/fonts\/fontawesome-webfont.svg","checksum":"912ec66d7572ff821749319396470bde"},{"path":"\/template\/fonts\/fontawesome-webfont.ttf","checksum":"b06871f281fee6b241d60582ae9369b9"},{"path":"\/template\/fonts\/fontawesome-webfont.woff","checksum":"fee66e712a8a08eef5805a46892932ad"},{"path":"\/template\/fonts\/fontawesome-webfont.woff2","checksum":"af7ae505a9eed503f8b8e6982036873e"},{"path":"\/template\/footer.html","checksum":"47c2a7b75385f01fd118da989228ab57"},{"path":"\/template\/header.html","checksum":"de87a31d8475e460e4e9bbf3483a5068"},{"path":"\/template\/images\/bg002.jpg","checksum":"9d562981a10bf0d5efd6158e52f963c2"},{"path":"\/template\/images\/index.png","checksum":"2182f190625accb448da650b13a3b1e6"},{"path":"\/template\/images\/logo.png","checksum":"8bc6498fe78e14b0213eff9ecebffb59"},{"path":"\/template\/images\/logo1.png","checksum":"2f470e653a054f1770759fe77e2b3b55"},{"path":"\/template\/images\/main_bg.jpg","checksum":"e499cfb396999421fcd5eefe0d4dcef6"},{"path":"\/template\/images\/member_card_control_z324410.png","checksum":"e4eb868a149567f339dd6a3a291deb37"},{"path":"\/template\/images\/user5.png","checksum":"0b1a21f6813885cb2499d7392d9ab6b6"},{"path":"\/template\/images\/wecard_background.png","checksum":"e6596defc63d63dfb8d7752fba420cbb"},{"path":"\/template\/import.html","checksum":"2a4a7287e582998bbe85ed6761db689c"},{"path":"\/template\/import2.html","checksum":"fa46ca7fd9f79cb78fcdddcbc956f21c"},{"path":"\/template\/index.html","checksum":"2cb79f102024e32c0e35d1b53cf40a0d"},{"path":"\/template\/index_1.html","checksum":"43c65ec781b6ff2d952aaa4941c8bcf4"},{"path":"\/template\/js\/18846359.js","checksum":"572007a8f1a4c09a4e9d102eb29378b7"},{"path":"\/template\/js\/ajax.js","checksum":"213de33e67f2d2d0514f085c924f2a06"},{"path":"\/template\/js\/beau.js","checksum":"c0c4f78fbe7fdb321820010537db2f6d"},{"path":"\/template\/js\/bootstrap.min.css","checksum":"6d63b7c3e57996c8ab84189bf437d476"},{"path":"\/template\/js\/bootstrap.min.js","checksum":"046ba2b5f4cff7d2eaaa1af55caa9fd8"},{"path":"\/template\/js\/config.js","checksum":"93ff9795bea20b44aa789142ab9e29c0"},{"path":"\/template\/js\/html5.js","checksum":"69431f1ec831bacf31013dff2872cba0"},{"path":"\/template\/js\/jquery-ui-v1.10.3.js","checksum":"ac96aa1908dd2d45a9570e283395f809"},{"path":"\/template\/js\/jquery.countdown.js","checksum":"81d14d4ca59834ac334f6391d172a3d0"},{"path":"\/template\/js\/jquery.js","checksum":"7d857db29ba366d296a2af388eb9cf9f"},{"path":"\/template\/js\/jquery.layer.js","checksum":"a1b02fd7dd8186a6df16e8a24918f347"},{"path":"\/template\/js\/jquery.min.js","checksum":"0b6ecf17e30037994d3ffee51b525914"},{"path":"\/template\/js\/jquery.scrollUp.js","checksum":"c75141d23e07dd4f8fd6ed4d1943ac58"},{"path":"\/template\/js\/login.js","checksum":"611d5a67085e1e22836c5f4324015e48"},{"path":"\/template\/js\/menu.js","checksum":"b7cf37a1682d8c3d409d7826372cf8b9"},{"path":"\/template\/js\/require.js","checksum":"302c296d06fb6c52ddfd8150f8215fbb"},{"path":"\/template\/js\/skin\/icon.png","checksum":"551539f873d9ebe0792b120a9867d399"},{"path":"\/template\/js\/skin\/layer.css","checksum":"216944e13ef3bdbcf5b861d66e13eef7"},{"path":"\/template\/js\/util.js","checksum":"96a13e9dd2b3696d19b17a82afe9ecab"},{"path":"\/template\/js\/validate.js","checksum":"1ae9d40b7b970f3a32baabcdc34ad3e3"},{"path":"\/template\/js\/zebra.datepicker.min.js","checksum":"e989188ce6b3d1be56ccadbde88d82b5"},{"path":"\/template\/layui\/css\/layui.css","checksum":"895bff3b9589b57d9c53261a815cc6c4"},{"path":"\/template\/layui\/css\/layui.mobile.css","checksum":"1beb6c254d4ed032b2d4706d9b2b6049"},{"path":"\/template\/layui\/css\/modules\/code.css","checksum":"7b6a1f57965ba94b9a0bd38fb0da711a"},{"path":"\/template\/layui\/css\/modules\/laydate\/icon.png","checksum":"028b8c2123138747b114ae1e8fa36bd9"},{"path":"\/template\/layui\/css\/modules\/laydate\/laydate.css","checksum":"f0aec00bf4b6f5f1e7d8a0e60ddb678a"},{"path":"\/template\/layui\/css\/modules\/layer\/default\/icon-ext.png","checksum":"ba81b24c06e2e0eac1e219405b33766b"},{"path":"\/template\/layui\/css\/modules\/layer\/default\/icon.png","checksum":"551539f873d9ebe0792b120a9867d399"},{"path":"\/template\/layui\/css\/modules\/layer\/default\/layer.css","checksum":"f9bb1c1800b07ce9d557bb9f3e74451b"},{"path":"\/template\/layui\/css\/modules\/layer\/default\/loading-0.gif","checksum":"a72011ccdc2bcd23ba440f104c416193"},{"path":"\/template\/layui\/css\/modules\/layer\/default\/loading-1.gif","checksum":"1140bc5c7863f8e54a3c2b179e640758"},{"path":"\/template\/layui\/css\/modules\/layer\/default\/loading-2.gif","checksum":"50c5e3e79b276c92df6cc52caeb464f0"},{"path":"\/template\/layui\/font\/iconfont.eot","checksum":"4e41f743e58aeee3cf63759656cfaaab"},{"path":"\/template\/layui\/font\/iconfont.svg","checksum":"da77e84fe1e029471f540f355bc81d88"},{"path":"\/template\/layui\/font\/iconfont.ttf","checksum":"114a2738acbaeef5f25fd5319ae2eea4"},{"path":"\/template\/layui\/font\/iconfont.woff","checksum":"499f71c633c74d809a1d99709919484c"},{"path":"\/template\/layui\/images\/face\/0.gif","checksum":"a06a2e3ed6da3796fbb731367d039a0a"},{"path":"\/template\/layui\/images\/face\/1.gif","checksum":"913e2f3dd1962d2a80b4ae66ddddceb3"},{"path":"\/template\/layui\/images\/face\/10.gif","checksum":"611117291370fea2ceac62c29e3895bd"},{"path":"\/template\/layui\/images\/face\/11.gif","checksum":"199be3fbe9ed7e5191c8635e05bcc0e9"},{"path":"\/template\/layui\/images\/face\/12.gif","checksum":"7621ac2727678687a5318762f580142e"},{"path":"\/template\/layui\/images\/face\/13.gif","checksum":"8621f66098b5c352706832525ca98430"},{"path":"\/template\/layui\/images\/face\/14.gif","checksum":"c30514bf7d87214840be9409e0543aa9"},{"path":"\/template\/layui\/images\/face\/15.gif","checksum":"485a20018f6fd278510c2953697ba65c"},{"path":"\/template\/layui\/images\/face\/16.gif","checksum":"3d4ee858ebba0e46a7850e13185b7c9b"},{"path":"\/template\/layui\/images\/face\/17.gif","checksum":"1e345b472299bbc72d854fea14377b19"},{"path":"\/template\/layui\/images\/face\/18.gif","checksum":"f81ed31a2829c0609354f25e1da62006"},{"path":"\/template\/layui\/images\/face\/19.gif","checksum":"fa7da45a4cf11818476a64b11972beba"},{"path":"\/template\/layui\/images\/face\/2.gif","checksum":"aec972de4da971327e4452c5b4b5fda1"},{"path":"\/template\/layui\/images\/face\/20.gif","checksum":"435dbb7f69e76dbe51c64d0208478bd5"},{"path":"\/template\/layui\/images\/face\/21.gif","checksum":"21ed3c01c99c75162cc7d5c09e557468"},{"path":"\/template\/layui\/images\/face\/22.gif","checksum":"7873504cf41c6bf81dc385e7a63e06c2"},{"path":"\/template\/layui\/images\/face\/23.gif","checksum":"84b3bd065735379c7ebf902bd356eb24"},{"path":"\/template\/layui\/images\/face\/24.gif","checksum":"9044159f1635cce276f79f2750e44bab"},{"path":"\/template\/layui\/images\/face\/25.gif","checksum":"55ff58341b23eb412186f8e89963f3ed"},{"path":"\/template\/layui\/images\/face\/26.gif","checksum":"7e64a36433e1f756dafc74093e71c678"},{"path":"\/template\/layui\/images\/face\/27.gif","checksum":"4e10558193648444470bb9a1dd7007da"},{"path":"\/template\/layui\/images\/face\/28.gif","checksum":"ed40b41d05a3020271be545a607d6d78"},{"path":"\/template\/layui\/images\/face\/29.gif","checksum":"4fb6439d891b34c4936ae34a79725b59"},{"path":"\/template\/layui\/images\/face\/3.gif","checksum":"bf97be0b15ace15dedf22f266a5c429c"},{"path":"\/template\/layui\/images\/face\/30.gif","checksum":"0b7ff8f1bbb91be880ef190767774c78"},{"path":"\/template\/layui\/images\/face\/31.gif","checksum":"dcc636d88b53e73852db566a4d9d2f20"},{"path":"\/template\/layui\/images\/face\/32.gif","checksum":"8d9e9cc9b52ca46e854480fa4900158e"},{"path":"\/template\/layui\/images\/face\/33.gif","checksum":"2f9e45312f49e02f32ce853db930295f"},{"path":"\/template\/layui\/images\/face\/34.gif","checksum":"f81a7f4f93f254d58c0e943a07d2cc0b"},{"path":"\/template\/layui\/images\/face\/35.gif","checksum":"cc8ff0383ce624c0721682aaa500b672"},{"path":"\/template\/layui\/images\/face\/36.gif","checksum":"645be9a08ae4d8aac61e6b5fb47215e5"},{"path":"\/template\/layui\/images\/face\/37.gif","checksum":"4c9e106e702751cb61861778269e2b26"},{"path":"\/template\/layui\/images\/face\/38.gif","checksum":"15bd343617ec5ea02eedfdfe575c656c"},{"path":"\/template\/layui\/images\/face\/39.gif","checksum":"edfe69e1b1f20cfa8110d9e9d2536c68"},{"path":"\/template\/layui\/images\/face\/4.gif","checksum":"4d2933c0445dc04bdaaad41f2b557137"},{"path":"\/template\/layui\/images\/face\/40.gif","checksum":"c94db1a006caf85ccb8a194335ce5621"},{"path":"\/template\/layui\/images\/face\/41.gif","checksum":"55565f0156566feef1e329177f6d83f1"},{"path":"\/template\/layui\/images\/face\/42.gif","checksum":"f24d53dee3bd1050b26d6d7cd5bca68d"},{"path":"\/template\/layui\/images\/face\/43.gif","checksum":"599c45d8a2832cc01617fb42091993df"},{"path":"\/template\/layui\/images\/face\/44.gif","checksum":"b0f285b595f10a1277774bf6844da76b"},{"path":"\/template\/layui\/images\/face\/45.gif","checksum":"d17783318c1587204b6155c2fa9986fe"},{"path":"\/template\/layui\/images\/face\/46.gif","checksum":"b72ecabbadc13888d4775ec53c9150f8"},{"path":"\/template\/layui\/images\/face\/47.gif","checksum":"8ede6bd1d173ddeb6f3f4b241c8f3513"},{"path":"\/template\/layui\/images\/face\/48.gif","checksum":"2a4c6936a09b0219d1c74f0167577b30"},{"path":"\/template\/layui\/images\/face\/49.gif","checksum":"21069e4a6b8a4f6a0af40c87a168f321"},{"path":"\/template\/layui\/images\/face\/5.gif","checksum":"8ae6b6ec8d2941a6adaee9555839e81c"},{"path":"\/template\/layui\/images\/face\/50.gif","checksum":"96664d71d30c946747bcc651d085ed7a"},{"path":"\/template\/layui\/images\/face\/51.gif","checksum":"c6c1e6c64c16d3747e251200e014f219"},{"path":"\/template\/layui\/images\/face\/52.gif","checksum":"ff4d93b3615d5d975f0b6786670b702f"},{"path":"\/template\/layui\/images\/face\/53.gif","checksum":"bc06dab3c63c4e2300c5cd4524819370"},{"path":"\/template\/layui\/images\/face\/54.gif","checksum":"aff05197849e8c8f55b2d5fe56bb56f7"},{"path":"\/template\/layui\/images\/face\/55.gif","checksum":"d7bdca562fd0b53f816eedb23148e158"},{"path":"\/template\/layui\/images\/face\/56.gif","checksum":"8c6f0b4cdd0fa9d68205bab3d8df29e4"},{"path":"\/template\/layui\/images\/face\/57.gif","checksum":"e37c81739515617cf5bc51232ad873b7"},{"path":"\/template\/layui\/images\/face\/58.gif","checksum":"89d291439d6eae4b2db6746e589f6134"},{"path":"\/template\/layui\/images\/face\/59.gif","checksum":"1cb4f698dd69602dd6f6eff121663a17"},{"path":"\/template\/layui\/images\/face\/6.gif","checksum":"9946d6232e406ba2c10b60221c5b698b"},{"path":"\/template\/layui\/images\/face\/60.gif","checksum":"71712fa565d89315b6ef2a45b3d581b5"},{"path":"\/template\/layui\/images\/face\/61.gif","checksum":"4bde9630ca80c61063813274729af4ba"},{"path":"\/template\/layui\/images\/face\/62.gif","checksum":"c0ed0920ba0d752ad77aca762050b12d"},{"path":"\/template\/layui\/images\/face\/63.gif","checksum":"907b3e81d16afb9df5ef023ede0eddf1"},{"path":"\/template\/layui\/images\/face\/64.gif","checksum":"959bacfef9ac0d3bb275504623c62375"},{"path":"\/template\/layui\/images\/face\/65.gif","checksum":"a27ed9871926a8e37c522f6c1542df9a"},{"path":"\/template\/layui\/images\/face\/66.gif","checksum":"02709c83458b72b0c73585297cc291f3"},{"path":"\/template\/layui\/images\/face\/67.gif","checksum":"ab1c7c7a43aa6f43963c7b0afc9ec787"},{"path":"\/template\/layui\/images\/face\/68.gif","checksum":"a1c8f21f98fc6eff21cb3e4d08baee2b"},{"path":"\/template\/layui\/images\/face\/69.gif","checksum":"877ff95213ae5c45721761c540810053"},{"path":"\/template\/layui\/images\/face\/7.gif","checksum":"3880bad4694b3ef38e2e58be68b875ef"},{"path":"\/template\/layui\/images\/face\/70.gif","checksum":"b7f69e6df691b1c885f541ec604c59df"},{"path":"\/template\/layui\/images\/face\/71.gif","checksum":"55a42691f8560bf2fbfed7c19389e4cf"},{"path":"\/template\/layui\/images\/face\/8.gif","checksum":"8bfcb8fe88a3b666b5460743fb2cdc49"},{"path":"\/template\/layui\/images\/face\/9.gif","checksum":"92bf7127158347196c4f9aef0d0ab301"},{"path":"\/template\/layui\/lay\/dest\/layui.all.js","checksum":"5e30323bd93a1e8801b84387630204c8"},{"path":"\/template\/layui\/lay\/modules\/code.js","checksum":"802048c23a338dc41eb174ce38d1d5b9"},{"path":"\/template\/layui\/lay\/modules\/element.js","checksum":"d7e3eb5ddb7ecff2991151c5d0ca388e"},{"path":"\/template\/layui\/lay\/modules\/flow.js","checksum":"91a27291b4895bc1b6e8fdafad46de59"},{"path":"\/template\/layui\/lay\/modules\/form.js","checksum":"d75849b0f226939636b2b2180faf0d9c"},{"path":"\/template\/layui\/lay\/modules\/jquery.js","checksum":"b10b640ece2b010b406464bed525e2d0"},{"path":"\/template\/layui\/lay\/modules\/laydate.js","checksum":"40e52f3ccf096d98387a253bfa67bd1a"},{"path":"\/template\/layui\/lay\/modules\/layedit.js","checksum":"7d77c49eedbe170cd7d05eef274e0c0c"},{"path":"\/template\/layui\/lay\/modules\/layer.js","checksum":"ad8033b4d8befc5f732a628e55fe166e"},{"path":"\/template\/layui\/lay\/modules\/laypage.js","checksum":"a562503739c8382b2b149943cc82803c"},{"path":"\/template\/layui\/lay\/modules\/laytpl.js","checksum":"997b8fc543c115fb250dcba3dd6dca7e"},{"path":"\/template\/layui\/lay\/modules\/mobile.js","checksum":"cad31177dce98a49750ede5da88bc9df"},{"path":"\/template\/layui\/lay\/modules\/tree.js","checksum":"d2ca3bfca4bc25e3f429fb22adef2c47"},{"path":"\/template\/layui\/lay\/modules\/upload.js","checksum":"093d5ad093e0dbbaee9b586228c5c48e"},{"path":"\/template\/layui\/lay\/modules\/util.js","checksum":"31d14d7ccf12d94a826aed06e482b532"},{"path":"\/template\/layui\/layui.js","checksum":"b860b310e9b592cd1dbc4fb5d37b09b7"},{"path":"\/template\/level.html","checksum":"d38f1b3a209ea3f70a12b48254569aec"},{"path":"\/template\/member.html","checksum":"b4f0340d147dabc177c191f392769e48"},{"path":"\/template\/menu.html","checksum":"25d3e4e5080338e24b6cf05faf49466c"},{"path":"\/template\/menu_form.html","checksum":"0a620e915d3e518b82e38d9947cd8cfe"},{"path":"\/template\/message\/form.html","checksum":"bf86978b72746e922a424c4e7c989738"},{"path":"\/template\/message\/list.html","checksum":"4caa55750bfbec4cbd066c35891e07c6"},{"path":"\/template\/mobile\/buy.html","checksum":"75bfedbb40c7903f831cd3435c4e7602"},{"path":"\/template\/mobile\/cardlists.html","checksum":"117e652c9b1f0e945a435aff98014dec"},{"path":"\/template\/mobile\/common\/paycenter.html","checksum":"280fd5be8d4dbdc8e23d3e30d5467f46"},{"path":"\/template\/mobile\/css\/base.css","checksum":"f507c8218843f1e1938389d1a9911c4c"},{"path":"\/template\/mobile\/css\/bootstrap.min.css","checksum":"eedf9ee80c2faa4e1b9ab9017cdfcb88"},{"path":"\/template\/mobile\/css\/common.css","checksum":"e55747aed5f5d65f62f504f44b8aef65"},{"path":"\/template\/mobile\/css\/idangerous.swiper.css","checksum":"3584286ed55d1f7d17514b3adddfd4a7"},{"path":"\/template\/mobile\/css\/sea-plugins-style.css","checksum":"55c8c8423fafcd15b0c0a0b2736ab3a7"},{"path":"\/template\/mobile\/css\/style.css","checksum":"c25ed0e23364ec1de948b72c022a26ea"},{"path":"\/template\/mobile\/css\/swiper.min.css","checksum":"34d039f3c6f6fab16f180f1eef4f499d"},{"path":"\/template\/mobile\/css\/weui.min.css","checksum":"9fee2783f0d4b70922f1500a3e6e315c"},{"path":"\/template\/mobile\/images\/card_change_left.png","checksum":"613867a134817c6b48c4997e0ab8302f"},{"path":"\/template\/mobile\/images\/card_change_right.png","checksum":"b99f060ab704ea0603255c578ffbbc1b"},{"path":"\/template\/mobile\/images\/grade.png","checksum":"94cab3f1ef11bd2130c69789cafffd0e"},{"path":"\/template\/mobile\/images\/icon1.png","checksum":"d418538657fd13f37ac6b00f58e2a01a"},{"path":"\/template\/mobile\/images\/maincardMark.png","checksum":"c6cf03a083d7a167a50309edceae97fb"},{"path":"\/template\/mobile\/index.html","checksum":"e2587dd51d42c5a8f84965901c9fdda9"},{"path":"\/template\/mobile\/js\/bootstrap.min.js","checksum":"b6d6c550cb657155feb06fdcd34b73cb"},{"path":"\/template\/mobile\/js\/idangerous.swiper.min.js","checksum":"7de2bf43a07b9400d4d1e4a815e7a1b1"},{"path":"\/template\/mobile\/js\/jquery.js","checksum":"df3157a9efd038511b82d69275717b60"},{"path":"\/template\/mobile\/js\/localstorage.js","checksum":"da197c2c7fefcaf5aeb7e7cd3852064d"},{"path":"\/template\/mobile\/js\/plugin.js","checksum":"ef39c9721089fa820d52642fd6885b68"},{"path":"\/template\/mobile\/js\/seapopup.js","checksum":"f435beb59be4a6128d3954a57f72023b"},{"path":"\/template\/mobile\/js\/template.js","checksum":"dd622e58c9a123bbf70a159c8b3b0f10"},{"path":"\/template\/mobile\/js\/toolutil.js","checksum":"917a5ec07f00afaaa5cda28ec1ad553e"},{"path":"\/template\/mobile\/login.html","checksum":"68337d480cc4f9c7f6bb3714a41332aa"},{"path":"\/template\/mobile\/offline\/pay.html","checksum":"339674ab85881ac5df181568805bb6fd"},{"path":"\/template\/mobile\/offline\/staff.html","checksum":"df8953dc6a1ad5432eb8a2e156ad6c65"},{"path":"\/template\/mobile\/pay.html","checksum":"3a55318ae621d250603d0e77b8770e69"},{"path":"\/template\/mobile\/reg.html","checksum":"5d5515f049f4a92620986f487a63e3a2"},{"path":"\/template\/mobile\/staff\/index.html","checksum":"eadc804c33894676c14b85df28fb0808"},{"path":"\/template\/mobile\/staff\/offlinelist.html","checksum":"1e0561393e6ec5c721fbf3527cbfcc41"},{"path":"\/template\/nav.html","checksum":"c4a4953e5a30b9543fe1ce8a8a5cd067"},{"path":"\/template\/offline\/admin.html","checksum":"1ec30d998a2f69f1c1d49611bfba4619"},{"path":"\/template\/offline\/config.html","checksum":"01fa0c17de0e1ab7fe143cd5a684c414"},{"path":"\/template\/offline\/qrcode.html","checksum":"2100c8c55157f9b96dccebbaaf1b669b"},{"path":"\/template\/offline\/record.html","checksum":"984353f5451f7207d72d144865be0fcd"},{"path":"\/template\/plugin\/form\/add.html","checksum":"40fdd2c84ae7e9894f5f6ab421e7fc2c"},{"path":"\/template\/plugin\/form\/index.html","checksum":"9bd462f42729cf7af0f12093d03b1b65"},{"path":"\/template\/update.html","checksum":"37a9c4ea8bf9a0b25c69d04ce2b08b71"},{"path":"\/template\/wecard.html","checksum":"eb331769c1e35e812cf4ef6212f514be"}]