[{"path":"\/admin\/inc\/base.class.php","checksum":"d6b52c785e273e5c89eb59a266da4b18"},{"path":"\/admin\/inc\/card.class.php","checksum":"6f007774cd50374a4aa84b8743540940"},{"path":"\/admin\/inc\/index.class.php","checksum":"c5ae8c007d3afe7f7db66a322e275211"},{"path":"\/admin\/inc\/login.class.php","checksum":"b8518aee2b66996e25af2070f63b2b58"},{"path":"\/admin\/inc\/message.class.php","checksum":"6e9aa5fb5c17c0574af8f72f603eb41c"},{"path":"\/admin\/inc\/order.class.php","checksum":"655ec88f968f706eb8a159e14fe22878"},{"path":"\/admin\/inc\/pay.class.php","checksum":"4b691e914b9649c3244a892fcedcdf8b"},{"path":"\/admin\/inc\/staff.class.php","checksum":"5b3622b60cb82773b6d4b1841ecdb834"},{"path":"\/token_image\/2017\/05\/16\/1494903587_591a6b2369c37_4288.png","checksum":"48034e24d96f0920818e3699f8971ebd"},{"path":"\/inc\/mobile\/admin.inc.php","checksum":"1cbb43f055020abf2ef2f5aaca2e1bb6"},{"path":"\/inc\/mobile\/index.inc.php","checksum":"fd61eb2035254e3e6b31b3dd98e334d4"},{"path":"\/inc\/mobile\/qrcode.inc.php","checksum":"3a1482c0e8cd96d40fcbede639ee1108"},{"path":"\/inc\/web\/adminconfig.inc.php","checksum":"6bd2da6bd5cf6c7a878214779cf5850c"},{"path":"\/inc\/web\/cashier.inc.php","checksum":"781b004d7d3b91433b6c8175e1fc4287"},{"path":"\/inc\/web\/config.inc.php","checksum":"7a1b4a4edd9a440412e560b8b3e38b0c"},{"path":"\/inc\/web\/index.inc.php","checksum":"aaac997b827394e53bab77ed96d0a05e"},{"path":"\/language.php","checksum":"aaff4660262d75c9cfb0677700c8b602"},{"path":"\/model\/card.class.php","checksum":"bbd238467477436cb789dfb5ffb82025"},{"path":"\/model\/message.class.php","checksum":"6d9e67d083cdf98f8ab6bf7b0cc85110"},{"path":"\/model\/notice.class.php","checksum":"9ced1276addacd9df4301158f0fa5254"},{"path":"\/model\/xfpay.class.php","checksum":"796696720cc71f03cf51fdf9515d6040"},{"path":"\/model.php","checksum":"9b474fd143bc18b356a30e5cbd0a8815"},{"path":"\/module.php","checksum":"368fd6be4e7dfaff374e13e6370fc203"},{"path":"\/preview.jpg","checksum":"b7e1f68c3079236731b1a981b56237e0"},{"path":"\/processor.php","checksum":"6c51bdae5093680a244b38525c3a9239"},{"path":"\/receiver.php","checksum":"c156c3a7ac474ae94ae74226f36b464f"},{"path":"\/require.php","checksum":"562065e37170b009b9eed45629abbe4f"},{"path":"\/sdk\/sms\/Autoloader.php","checksum":"2ecb1a286c86d20a405178981017cb87"},{"path":"\/sdk\/sms\/TopSdk.php","checksum":"8a9eaa2e2a759b30fae8a6d58acb080b"},{"path":"\/sdk\/sms\/aliyun\/AliyunClient.php","checksum":"4311170943b7fe78c0406d5932aa6be3"},{"path":"\/sdk\/sms\/top\/ApplicationVar.php","checksum":"6cf04a0dcc94ebd0884aad93586c523c"},{"path":"\/sdk\/sms\/top\/ClusterTopClient.php","checksum":"3910cb0c6efb2163724384d51ace1418"},{"path":"\/sdk\/sms\/top\/HttpdnsGetRequest.php","checksum":"e1d7ff6b87a4f517d506ae1702785856"},{"path":"\/sdk\/sms\/top\/RequestCheckUtil.php","checksum":"1ab21717b9e7111dae4fd69b15825757"},{"path":"\/sdk\/sms\/top\/ResultSet.php","checksum":"c96d3d09566ba78f5384440165775478"},{"path":"\/sdk\/sms\/top\/SpiUtils.php","checksum":"b6d58b2944c5a9a27a6c19fb7c5dcadd"},{"path":"\/sdk\/sms\/top\/TopClient.php","checksum":"9f5995f1b135e238d580ddfb176ad9e9"},{"path":"\/sdk\/sms\/top\/TopLogger.php","checksum":"fc83f36f1977ee0b983df304f8a715a7"},{"path":"\/sdk\/sms\/top\/domain\/Area.php","checksum":"32c7ac8fb732328e7cbc58f2bf68e636"},{"path":"\/sdk\/sms\/top\/domain\/BizResult.php","checksum":"bdd89d5a3f5eb37bb127605f369d6301"},{"path":"\/sdk\/sms\/top\/domain\/FcPartnerSmsDetailDto.php","checksum":"a8e0eaa837411e564f6512ac467031d3"},{"path":"\/sdk\/sms\/top\/domain\/KfcSearchResult.php","checksum":"00ced3eb2d386c30527ac6ad998d7bad"},{"path":"\/sdk\/sms\/top\/domain\/Result.php","checksum":"6977083197870efa618cdc85b03c341a"},{"path":"\/sdk\/sms\/top\/domain\/Subtask.php","checksum":"c7491875ab3d5e3ed53e447526ecf3f1"},{"path":"\/sdk\/sms\/top\/domain\/Task.php","checksum":"d5a177af32b8712d6a17252b087ec20a"},{"path":"\/sdk\/sms\/top\/request\/AlibabaAliqinFcFlowChargeProvinceRequest.php","checksum":"ce3b809f4e26c19e02651bb0f70cfc0e"},{"path":"\/sdk\/sms\/top\/request\/AlibabaAliqinFcFlowChargeRequest.php","checksum":"4d4fcc76edb3a34564b4b0b839cf9363"},{"path":"\/sdk\/sms\/top\/request\/AlibabaAliqinFcFlowGradeRequest.php","checksum":"fbe7abf62f8f6023ad87e1cf2d6f6393"},{"path":"\/sdk\/sms\/top\/request\/AlibabaAliqinFcFlowQueryRequest.php","checksum":"85a5b77eb7db50728ba37d4f9afe5e8c"},{"path":"\/sdk\/sms\/top\/request\/AlibabaAliqinFcSmsNumQueryRequest.php","checksum":"f060ddb635867b8471c38e6a672018dd"},{"path":"\/sdk\/sms\/top\/request\/AlibabaAliqinFcSmsNumSendRequest.php","checksum":"258545def2a7c71f1de50d720afe7194"},{"path":"\/sdk\/sms\/top\/request\/AlibabaAliqinFcTtsNumSinglecallRequest.php","checksum":"491916fd6cf52be3dfe62cde0cec8e16"},{"path":"\/sdk\/sms\/top\/request\/AlibabaAliqinFcVoiceNumDoublecallRequest.php","checksum":"e04d1c812c85b0303bea0ddb11e39956"},{"path":"\/sdk\/sms\/top\/request\/AlibabaAliqinFcVoiceNumSinglecallRequest.php","checksum":"19d4211a04f79bf6e12e775ceeb3e05d"},{"path":"\/sdk\/sms\/top\/request\/AppipGetRequest.php","checksum":"7ea63cc27d02efa12df60a48fed2a77d"},{"path":"\/sdk\/sms\/top\/request\/AreasGetRequest.php","checksum":"5e3eb6e088f20bb0a654714b976bca61"},{"path":"\/sdk\/sms\/top\/request\/HttpdnsGetRequest.php","checksum":"cd67e7fac07343a75f351bb4b0c722b9"},{"path":"\/sdk\/sms\/top\/request\/KfcKeywordSearchRequest.php","checksum":"77a84d8c014b8b2640905c27ffa296b4"},{"path":"\/sdk\/sms\/top\/request\/TimeGetRequest.php","checksum":"6d13966b3fe2306a77cd0498013eff5a"},{"path":"\/sdk\/sms\/top\/request\/TopAuthTokenCreateRequest.php","checksum":"03bd74f8f772d3bbdb2ef6b6cfa8f73c"},{"path":"\/sdk\/sms\/top\/request\/TopAuthTokenRefreshRequest.php","checksum":"c8f9d2ec30a0d0d9e5f12e055c8ee166"},{"path":"\/sdk\/sms\/top\/request\/TopIpoutGetRequest.php","checksum":"244c3acf21f0ab0cfbc011c1b233abb9"},{"path":"\/sdk\/sms\/top\/request\/TopSecretGetRequest.php","checksum":"18a7af25a7ca6b009cf7b96cfb3f81d2"},{"path":"\/sdk\/sms\/top\/request\/TopatsResultGetRequest.php","checksum":"bc300b3a65854c698041be2f79ba2ce5"},{"path":"\/sdk\/sms\/top\/request\/TopatsTaskDeleteRequest.php","checksum":"7626521e8508d461b0025b93c011ba54"},{"path":"\/sdk\/zip\/unzip.class.php","checksum":"9756be94a5eef12d7f65d786c1fc1bf4"},{"path":"\/site.php","checksum":"353774fbeaafad0cae0ca4611412eaf8"},{"path":"\/template\/base_head.html","checksum":"6fd9704308c49c6b080e1a97638362a4"},{"path":"\/template\/card_form.html","checksum":"c9e2b18d137ca9997488fbdcc6e25916"},{"path":"\/template\/config_text.html","checksum":"a6d71455dda40e246eb34d2437a8b651"},{"path":"\/template\/css\/bootstrap.min.css","checksum":"6d63b7c3e57996c8ab84189bf437d476"},{"path":"\/template\/css\/css.css","checksum":"900dd3b94300f6fab1c847162370a8ef"},{"path":"\/template\/css\/datetimepicker.css","checksum":"7066d06b82b1f8b127ff716243f02e2a"},{"path":"\/template\/css\/font-awesome-ie7.css","checksum":"b5d6c68c27c60a53799aa3fa17058f5b"},{"path":"\/template\/css\/font-awesome-ie7.min.css","checksum":"4efc20143a3957f447ceeaa53695ceb6"},{"path":"\/template\/css\/font-awesome.css.map","checksum":"8d57a9642cf62d824132266202eac56a"},{"path":"\/template\/css\/font-awesome.min.css","checksum":"269550530cc127b6aa5a35925a7de6ce"},{"path":"\/template\/css\/jquery.mCustomScrollbar.css","checksum":"7751f158140b46076402d60c360103a0"},{"path":"\/template\/css\/layer.css","checksum":"256d69722d14eb385f419ff3192aeedb"},{"path":"\/template\/css\/new.css","checksum":"122054e79e7e2748ffa3b4b964a506e8"},{"path":"\/template\/css\/responsive.css","checksum":"6b6a1cac15d737ee4fff9969262687f9"},{"path":"\/template\/css\/style.css","checksum":"a3064350db8c723f1d33e6ad4e37cbef"},{"path":"\/template\/css\/wecard.css","checksum":"e6e191d1a6d0ec7d02032b1f6371ec97"},{"path":"\/template\/css\/zerogrid.css","checksum":"a2d8dbe704206ac8158a3f9768063c6d"},{"path":"\/template\/editcredit1.html","checksum":"c2685bedf94d5564e063e8a7bccec1dd"},{"path":"\/template\/editcredit2.html","checksum":"1097b0b90b97f9198b87dd70215b3d31"},{"path":"\/template\/fonts\/FontAwesome.otf","checksum":"0d2717cd5d853e5c765ca032dfd41a4d"},{"path":"\/template\/fonts\/font_1468390633_8859494.eot","checksum":"8152958a79159149698b8b24f324e0ae"},{"path":"\/template\/fonts\/fontawesome-webfont.eot","checksum":"674f50d287a8c48dc19ba404d20fe713"},{"path":"\/template\/fonts\/fontawesome-webfont.svg","checksum":"912ec66d7572ff821749319396470bde"},{"path":"\/template\/fonts\/fontawesome-webfont.ttf","checksum":"b06871f281fee6b241d60582ae9369b9"},{"path":"\/template\/fonts\/fontawesome-webfont.woff","checksum":"fee66e712a8a08eef5805a46892932ad"},{"path":"\/template\/fonts\/fontawesome-webfont.woff2","checksum":"af7ae505a9eed503f8b8e6982036873e"},{"path":"\/template\/footer.html","checksum":"47c2a7b75385f01fd118da989228ab57"},{"path":"\/template\/header.html","checksum":"825fc9343437ac328e14f7d0b236e7ba"},{"path":"\/template\/images\/alipay.png","checksum":"9caf46d65b662bdd58fae2d296e4b785"},{"path":"\/template\/images\/money.png","checksum":"3657afaf86310a910f0a74913e626268"},{"path":"\/template\/images\/wechart.gif","checksum":"915d3d036eb8a356f70864f38b3116d1"},{"path":"\/template\/import.html","checksum":"2a4a7287e582998bbe85ed6761db689c"},{"path":"\/template\/import2.html","checksum":"fa46ca7fd9f79cb78fcdddcbc956f21c"},{"path":"\/template\/index.html","checksum":"ea4106f4a1f2f2e5800cdecb1debb4fc"},{"path":"\/template\/index_1.html","checksum":"43c65ec781b6ff2d952aaa4941c8bcf4"},{"path":"\/template\/js\/18846359.js","checksum":"572007a8f1a4c09a4e9d102eb29378b7"},{"path":"\/template\/js\/LodopFuncs.js","checksum":"be86e755e982861b201fdf4210558cc2"},{"path":"\/template\/js\/ajax.js","checksum":"213de33e67f2d2d0514f085c924f2a06"},{"path":"\/template\/js\/beau.js","checksum":"c0c4f78fbe7fdb321820010537db2f6d"},{"path":"\/template\/js\/bootstrap.min.css","checksum":"6d63b7c3e57996c8ab84189bf437d476"},{"path":"\/template\/js\/bootstrap.min.js","checksum":"046ba2b5f4cff7d2eaaa1af55caa9fd8"},{"path":"\/template\/js\/config.js","checksum":"93ff9795bea20b44aa789142ab9e29c0"},{"path":"\/template\/js\/html5.js","checksum":"69431f1ec831bacf31013dff2872cba0"},{"path":"\/template\/js\/jquery-ui-v1.10.3.js","checksum":"ac96aa1908dd2d45a9570e283395f809"},{"path":"\/template\/js\/jquery.countdown.js","checksum":"81d14d4ca59834ac334f6391d172a3d0"},{"path":"\/template\/js\/jquery.js","checksum":"7d857db29ba366d296a2af388eb9cf9f"},{"path":"\/template\/js\/jquery.layer.js","checksum":"a1b02fd7dd8186a6df16e8a24918f347"},{"path":"\/template\/js\/jquery.min.js","checksum":"0b6ecf17e30037994d3ffee51b525914"},{"path":"\/template\/js\/jquery.scrollUp.js","checksum":"c75141d23e07dd4f8fd6ed4d1943ac58"},{"path":"\/template\/js\/login.js","checksum":"611d5a67085e1e22836c5f4324015e48"},{"path":"\/template\/js\/menu.js","checksum":"b7cf37a1682d8c3d409d7826372cf8b9"},{"path":"\/template\/js\/require.js","checksum":"302c296d06fb6c52ddfd8150f8215fbb"},{"path":"\/template\/js\/skin\/icon.png","checksum":"551539f873d9ebe0792b120a9867d399"},{"path":"\/template\/js\/skin\/layer.css","checksum":"216944e13ef3bdbcf5b861d66e13eef7"},{"path":"\/template\/js\/util.js","checksum":"96a13e9dd2b3696d19b17a82afe9ecab"},{"path":"\/template\/js\/validate.js","checksum":"1ae9d40b7b970f3a32baabcdc34ad3e3"},{"path":"\/template\/js\/zebra.datepicker.min.js","checksum":"e989188ce6b3d1be56ccadbde88d82b5"},{"path":"\/template\/layui\/css\/layui.css","checksum":"895bff3b9589b57d9c53261a815cc6c4"},{"path":"\/template\/layui\/css\/layui.mobile.css","checksum":"1beb6c254d4ed032b2d4706d9b2b6049"},{"path":"\/template\/layui\/css\/modules\/code.css","checksum":"7b6a1f57965ba94b9a0bd38fb0da711a"},{"path":"\/template\/layui\/css\/modules\/laydate\/icon.png","checksum":"028b8c2123138747b114ae1e8fa36bd9"},{"path":"\/template\/layui\/css\/modules\/laydate\/laydate.css","checksum":"f0aec00bf4b6f5f1e7d8a0e60ddb678a"},{"path":"\/template\/layui\/css\/modules\/layer\/default\/icon-ext.png","checksum":"ba81b24c06e2e0eac1e219405b33766b"},{"path":"\/template\/layui\/css\/modules\/layer\/default\/icon.png","checksum":"551539f873d9ebe0792b120a9867d399"},{"path":"\/template\/layui\/css\/modules\/layer\/default\/layer.css","checksum":"f9bb1c1800b07ce9d557bb9f3e74451b"},{"path":"\/template\/layui\/css\/modules\/layer\/default\/loading-0.gif","checksum":"a72011ccdc2bcd23ba440f104c416193"},{"path":"\/template\/layui\/css\/modules\/layer\/default\/loading-1.gif","checksum":"1140bc5c7863f8e54a3c2b179e640758"},{"path":"\/template\/layui\/css\/modules\/layer\/default\/loading-2.gif","checksum":"50c5e3e79b276c92df6cc52caeb464f0"},{"path":"\/template\/layui\/font\/iconfont.eot","checksum":"4e41f743e58aeee3cf63759656cfaaab"},{"path":"\/template\/layui\/font\/iconfont.svg","checksum":"da77e84fe1e029471f540f355bc81d88"},{"path":"\/template\/layui\/font\/iconfont.ttf","checksum":"114a2738acbaeef5f25fd5319ae2eea4"},{"path":"\/template\/layui\/font\/iconfont.woff","checksum":"499f71c633c74d809a1d99709919484c"},{"path":"\/template\/layui\/images\/face\/0.gif","checksum":"a06a2e3ed6da3796fbb731367d039a0a"},{"path":"\/template\/layui\/images\/face\/1.gif","checksum":"913e2f3dd1962d2a80b4ae66ddddceb3"},{"path":"\/template\/layui\/images\/face\/10.gif","checksum":"611117291370fea2ceac62c29e3895bd"},{"path":"\/template\/layui\/images\/face\/11.gif","checksum":"199be3fbe9ed7e5191c8635e05bcc0e9"},{"path":"\/template\/layui\/images\/face\/12.gif","checksum":"7621ac2727678687a5318762f580142e"},{"path":"\/template\/layui\/images\/face\/13.gif","checksum":"8621f66098b5c352706832525ca98430"},{"path":"\/template\/layui\/images\/face\/14.gif","checksum":"c30514bf7d87214840be9409e0543aa9"},{"path":"\/template\/layui\/images\/face\/15.gif","checksum":"485a20018f6fd278510c2953697ba65c"},{"path":"\/template\/layui\/images\/face\/16.gif","checksum":"3d4ee858ebba0e46a7850e13185b7c9b"},{"path":"\/template\/layui\/images\/face\/17.gif","checksum":"1e345b472299bbc72d854fea14377b19"},{"path":"\/template\/layui\/images\/face\/18.gif","checksum":"f81ed31a2829c0609354f25e1da62006"},{"path":"\/template\/layui\/images\/face\/19.gif","checksum":"fa7da45a4cf11818476a64b11972beba"},{"path":"\/template\/layui\/images\/face\/2.gif","checksum":"aec972de4da971327e4452c5b4b5fda1"},{"path":"\/template\/layui\/images\/face\/20.gif","checksum":"435dbb7f69e76dbe51c64d0208478bd5"},{"path":"\/template\/layui\/images\/face\/21.gif","checksum":"21ed3c01c99c75162cc7d5c09e557468"},{"path":"\/template\/layui\/images\/face\/22.gif","checksum":"7873504cf41c6bf81dc385e7a63e06c2"},{"path":"\/template\/layui\/images\/face\/23.gif","checksum":"84b3bd065735379c7ebf902bd356eb24"},{"path":"\/template\/layui\/images\/face\/24.gif","checksum":"9044159f1635cce276f79f2750e44bab"},{"path":"\/template\/layui\/images\/face\/25.gif","checksum":"55ff58341b23eb412186f8e89963f3ed"},{"path":"\/template\/layui\/images\/face\/26.gif","checksum":"7e64a36433e1f756dafc74093e71c678"},{"path":"\/template\/layui\/images\/face\/27.gif","checksum":"4e10558193648444470bb9a1dd7007da"},{"path":"\/template\/layui\/images\/face\/28.gif","checksum":"ed40b41d05a3020271be545a607d6d78"},{"path":"\/template\/layui\/images\/face\/29.gif","checksum":"4fb6439d891b34c4936ae34a79725b59"},{"path":"\/template\/layui\/images\/face\/3.gif","checksum":"bf97be0b15ace15dedf22f266a5c429c"},{"path":"\/template\/layui\/images\/face\/30.gif","checksum":"0b7ff8f1bbb91be880ef190767774c78"},{"path":"\/template\/layui\/images\/face\/31.gif","checksum":"dcc636d88b53e73852db566a4d9d2f20"},{"path":"\/template\/layui\/images\/face\/32.gif","checksum":"8d9e9cc9b52ca46e854480fa4900158e"},{"path":"\/template\/layui\/images\/face\/33.gif","checksum":"2f9e45312f49e02f32ce853db930295f"},{"path":"\/template\/layui\/images\/face\/34.gif","checksum":"f81a7f4f93f254d58c0e943a07d2cc0b"},{"path":"\/template\/layui\/images\/face\/35.gif","checksum":"cc8ff0383ce624c0721682aaa500b672"},{"path":"\/template\/layui\/images\/face\/36.gif","checksum":"645be9a08ae4d8aac61e6b5fb47215e5"},{"path":"\/template\/layui\/images\/face\/37.gif","checksum":"4c9e106e702751cb61861778269e2b26"},{"path":"\/template\/layui\/images\/face\/38.gif","checksum":"15bd343617ec5ea02eedfdfe575c656c"},{"path":"\/template\/layui\/images\/face\/39.gif","checksum":"edfe69e1b1f20cfa8110d9e9d2536c68"},{"path":"\/template\/layui\/images\/face\/4.gif","checksum":"4d2933c0445dc04bdaaad41f2b557137"},{"path":"\/template\/layui\/images\/face\/40.gif","checksum":"c94db1a006caf85ccb8a194335ce5621"},{"path":"\/template\/layui\/images\/face\/41.gif","checksum":"55565f0156566feef1e329177f6d83f1"},{"path":"\/template\/layui\/images\/face\/42.gif","checksum":"f24d53dee3bd1050b26d6d7cd5bca68d"},{"path":"\/template\/layui\/images\/face\/43.gif","checksum":"599c45d8a2832cc01617fb42091993df"},{"path":"\/template\/layui\/images\/face\/44.gif","checksum":"b0f285b595f10a1277774bf6844da76b"},{"path":"\/template\/layui\/images\/face\/45.gif","checksum":"d17783318c1587204b6155c2fa9986fe"},{"path":"\/template\/layui\/images\/face\/46.gif","checksum":"b72ecabbadc13888d4775ec53c9150f8"},{"path":"\/template\/layui\/images\/face\/47.gif","checksum":"8ede6bd1d173ddeb6f3f4b241c8f3513"},{"path":"\/template\/layui\/images\/face\/48.gif","checksum":"2a4c6936a09b0219d1c74f0167577b30"},{"path":"\/template\/layui\/images\/face\/49.gif","checksum":"21069e4a6b8a4f6a0af40c87a168f321"},{"path":"\/template\/layui\/images\/face\/5.gif","checksum":"8ae6b6ec8d2941a6adaee9555839e81c"},{"path":"\/template\/layui\/images\/face\/50.gif","checksum":"96664d71d30c946747bcc651d085ed7a"},{"path":"\/template\/layui\/images\/face\/51.gif","checksum":"c6c1e6c64c16d3747e251200e014f219"},{"path":"\/template\/layui\/images\/face\/52.gif","checksum":"ff4d93b3615d5d975f0b6786670b702f"},{"path":"\/template\/layui\/images\/face\/53.gif","checksum":"bc06dab3c63c4e2300c5cd4524819370"},{"path":"\/template\/layui\/images\/face\/54.gif","checksum":"aff05197849e8c8f55b2d5fe56bb56f7"},{"path":"\/template\/layui\/images\/face\/55.gif","checksum":"d7bdca562fd0b53f816eedb23148e158"},{"path":"\/template\/layui\/images\/face\/56.gif","checksum":"8c6f0b4cdd0fa9d68205bab3d8df29e4"},{"path":"\/template\/layui\/images\/face\/57.gif","checksum":"e37c81739515617cf5bc51232ad873b7"},{"path":"\/template\/layui\/images\/face\/58.gif","checksum":"89d291439d6eae4b2db6746e589f6134"},{"path":"\/template\/layui\/images\/face\/59.gif","checksum":"1cb4f698dd69602dd6f6eff121663a17"},{"path":"\/template\/layui\/images\/face\/6.gif","checksum":"9946d6232e406ba2c10b60221c5b698b"},{"path":"\/template\/layui\/images\/face\/60.gif","checksum":"71712fa565d89315b6ef2a45b3d581b5"},{"path":"\/template\/layui\/images\/face\/61.gif","checksum":"4bde9630ca80c61063813274729af4ba"},{"path":"\/template\/layui\/images\/face\/62.gif","checksum":"c0ed0920ba0d752ad77aca762050b12d"},{"path":"\/template\/layui\/images\/face\/63.gif","checksum":"907b3e81d16afb9df5ef023ede0eddf1"},{"path":"\/template\/layui\/images\/face\/64.gif","checksum":"959bacfef9ac0d3bb275504623c62375"},{"path":"\/template\/layui\/images\/face\/65.gif","checksum":"a27ed9871926a8e37c522f6c1542df9a"},{"path":"\/template\/layui\/images\/face\/66.gif","checksum":"02709c83458b72b0c73585297cc291f3"},{"path":"\/template\/layui\/images\/face\/67.gif","checksum":"ab1c7c7a43aa6f43963c7b0afc9ec787"},{"path":"\/template\/layui\/images\/face\/68.gif","checksum":"a1c8f21f98fc6eff21cb3e4d08baee2b"},{"path":"\/template\/layui\/images\/face\/69.gif","checksum":"877ff95213ae5c45721761c540810053"},{"path":"\/template\/layui\/images\/face\/7.gif","checksum":"3880bad4694b3ef38e2e58be68b875ef"},{"path":"\/template\/layui\/images\/face\/70.gif","checksum":"b7f69e6df691b1c885f541ec604c59df"},{"path":"\/template\/layui\/images\/face\/71.gif","checksum":"55a42691f8560bf2fbfed7c19389e4cf"},{"path":"\/template\/layui\/images\/face\/8.gif","checksum":"8bfcb8fe88a3b666b5460743fb2cdc49"},{"path":"\/template\/layui\/images\/face\/9.gif","checksum":"92bf7127158347196c4f9aef0d0ab301"},{"path":"\/template\/layui\/lay\/dest\/layui.all.js","checksum":"5e30323bd93a1e8801b84387630204c8"},{"path":"\/template\/layui\/lay\/modules\/code.js","checksum":"802048c23a338dc41eb174ce38d1d5b9"},{"path":"\/template\/layui\/lay\/modules\/element.js","checksum":"d7e3eb5ddb7ecff2991151c5d0ca388e"},{"path":"\/template\/layui\/lay\/modules\/flow.js","checksum":"91a27291b4895bc1b6e8fdafad46de59"},{"path":"\/template\/layui\/lay\/modules\/form.js","checksum":"d75849b0f226939636b2b2180faf0d9c"},{"path":"\/template\/layui\/lay\/modules\/jquery.js","checksum":"b10b640ece2b010b406464bed525e2d0"},{"path":"\/template\/layui\/lay\/modules\/laydate.js","checksum":"40e52f3ccf096d98387a253bfa67bd1a"},{"path":"\/template\/layui\/lay\/modules\/layedit.js","checksum":"7d77c49eedbe170cd7d05eef274e0c0c"},{"path":"\/template\/layui\/lay\/modules\/layer.js","checksum":"ad8033b4d8befc5f732a628e55fe166e"},{"path":"\/template\/layui\/lay\/modules\/laypage.js","checksum":"a562503739c8382b2b149943cc82803c"},{"path":"\/template\/layui\/lay\/modules\/laytpl.js","checksum":"997b8fc543c115fb250dcba3dd6dca7e"},{"path":"\/template\/layui\/lay\/modules\/mobile.js","checksum":"cad31177dce98a49750ede5da88bc9df"},{"path":"\/template\/layui\/lay\/modules\/tree.js","checksum":"d2ca3bfca4bc25e3f429fb22adef2c47"},{"path":"\/template\/layui\/lay\/modules\/upload.js","checksum":"093d5ad093e0dbbaee9b586228c5c48e"},{"path":"\/template\/layui\/lay\/modules\/util.js","checksum":"31d14d7ccf12d94a826aed06e482b532"},{"path":"\/template\/layui\/layui.js","checksum":"b860b310e9b592cd1dbc4fb5d37b09b7"},{"path":"\/template\/level.html","checksum":"d38f1b3a209ea3f70a12b48254569aec"},{"path":"\/template\/member.html","checksum":"b4f0340d147dabc177c191f392769e48"},{"path":"\/template\/menu.html","checksum":"25d3e4e5080338e24b6cf05faf49466c"},{"path":"\/template\/menu_form.html","checksum":"0a620e915d3e518b82e38d9947cd8cfe"},{"path":"\/template\/message\/form.html","checksum":"bf86978b72746e922a424c4e7c989738"},{"path":"\/template\/message\/list.html","checksum":"4caa55750bfbec4cbd066c35891e07c6"},{"path":"\/template\/mobile\/admin\/base\/message.html","checksum":"59c876c93defd58517b488a1c1ea0d16"},{"path":"\/template\/mobile\/admin\/card\/cardloglist.html","checksum":"95c8cee6030fdd80f15705427a730860"},{"path":"\/template\/mobile\/admin\/card\/chongzhi.html","checksum":"1c129e01e786e08246576c6a40f3289b"},{"path":"\/template\/mobile\/admin\/card\/create.html","checksum":"c7c622c27c171d2855194c9facfc8b68"},{"path":"\/template\/mobile\/admin\/card\/creditlist.html","checksum":"e553998f0a57ad5df7acca553fc7c50e"},{"path":"\/template\/mobile\/admin\/card\/editcard.html","checksum":"05c8bb111e2e988b9e067896c3306651"},{"path":"\/template\/mobile\/admin\/card\/editcount.html","checksum":"f1df835a8c7c09e57ccbea4ed3efcc45"},{"path":"\/template\/mobile\/admin\/card\/editcredit1.html","checksum":"776b7f2cf55216c346e452baf6b5ccf6"},{"path":"\/template\/mobile\/admin\/card\/editcredit2.html","checksum":"79342e4dafef280962cc74bc89296216"},{"path":"\/template\/mobile\/admin\/card\/edittype.html","checksum":"512b759bf067aae46eafb0e8dd54f2fe"},{"path":"\/template\/mobile\/admin\/card\/search.html","checksum":"dcb2385d2eb56e9660d2412d6c2e24a7"},{"path":"\/template\/mobile\/admin\/card\/typeloglist.html","checksum":"8c025f6317a5def14c5c5d49c340ef46"},{"path":"\/template\/mobile\/admin\/css\/global.css","checksum":"b6ab1835454c459940af4639e8886085"},{"path":"\/template\/mobile\/admin\/css\/index.css","checksum":"272cb1bae98fa1da70ca9668672b16f8"},{"path":"\/template\/mobile\/admin\/css\/login.css","checksum":"d74b2007e22b0b5d3abff3ce5242451b"},{"path":"\/template\/mobile\/admin\/index\/index.html","checksum":"d0522f00b83980dedb3e80498311ec5d"},{"path":"\/template\/mobile\/admin\/log\/pay.html","checksum":"7c43b4b60299cba02b339aa055fdf7cc"},{"path":"\/template\/mobile\/admin\/login\/index.html","checksum":"20f7eb4fbedf471c3b72d7eb2dc6000b"},{"path":"\/template\/mobile\/admin\/login\/mobilelogin.html","checksum":"8619c90745e699de1db019f02c9ca97c"},{"path":"\/template\/mobile\/admin\/message\/content.html","checksum":"004f326d46967eb3fd7d47b792af7344"},{"path":"\/template\/mobile\/admin\/order\/print.html","checksum":"f9dc06bf1c38f7b53e52d451974077f1"},{"path":"\/template\/mobile\/admin\/staff\/info.html","checksum":"006a437cbcb4b1d9918a058679307668"},{"path":"\/template\/mobile\/common\/paycenter.html","checksum":"280fd5be8d4dbdc8e23d3e30d5467f46"},{"path":"\/template\/mobile\/css\/base.css","checksum":"f507c8218843f1e1938389d1a9911c4c"},{"path":"\/template\/mobile\/css\/bootstrap.min.css","checksum":"eedf9ee80c2faa4e1b9ab9017cdfcb88"},{"path":"\/template\/mobile\/css\/common.css","checksum":"e55747aed5f5d65f62f504f44b8aef65"},{"path":"\/template\/mobile\/css\/idangerous.swiper.css","checksum":"3584286ed55d1f7d17514b3adddfd4a7"},{"path":"\/template\/mobile\/css\/sea-plugins-style.css","checksum":"55c8c8423fafcd15b0c0a0b2736ab3a7"},{"path":"\/template\/mobile\/css\/style.css","checksum":"c25ed0e23364ec1de948b72c022a26ea"},{"path":"\/template\/mobile\/css\/swiper.min.css","checksum":"34d039f3c6f6fab16f180f1eef4f499d"},{"path":"\/template\/mobile\/css\/weui.min.css","checksum":"9fee2783f0d4b70922f1500a3e6e315c"},{"path":"\/template\/mobile\/js\/bootstrap.min.js","checksum":"b6d6c550cb657155feb06fdcd34b73cb"},{"path":"\/template\/mobile\/js\/idangerous.swiper.min.js","checksum":"7de2bf43a07b9400d4d1e4a815e7a1b1"},{"path":"\/template\/mobile\/js\/jquery.js","checksum":"df3157a9efd038511b82d69275717b60"},{"path":"\/template\/mobile\/js\/localstorage.js","checksum":"da197c2c7fefcaf5aeb7e7cd3852064d"},{"path":"\/template\/mobile\/js\/plugin.js","checksum":"ef39c9721089fa820d52642fd6885b68"},{"path":"\/template\/mobile\/js\/seapopup.js","checksum":"f435beb59be4a6128d3954a57f72023b"},{"path":"\/template\/mobile\/js\/template.js","checksum":"dd622e58c9a123bbf70a159c8b3b0f10"},{"path":"\/template\/mobile\/js\/toolutil.js","checksum":"917a5ec07f00afaaa5cda28ec1ad553e"},{"path":"\/template\/mobile\/offline\/carduse.html","checksum":"6fed308e1045cb7251f17937662e0be4"},{"path":"\/template\/mobile\/offline\/pay.html","checksum":"339674ab85881ac5df181568805bb6fd"},{"path":"\/template\/mobile\/offline\/staff.html","checksum":"df8953dc6a1ad5432eb8a2e156ad6c65"},{"path":"\/template\/mobile\/pay\/xfpay.html","checksum":"36e4ada7aa0912cab30dd49bc712064a"},{"path":"\/template\/mobile\/staff\/index.html","checksum":"eadc804c33894676c14b85df28fb0808"},{"path":"\/template\/mobile\/staff\/offlinelist.html","checksum":"1e0561393e6ec5c721fbf3527cbfcc41"},{"path":"\/template\/mobile\/themes\/default\/index.html","checksum":"203fcbfbfa53c7eb1feaca925e8d140c"},{"path":"\/template\/nav.html","checksum":"275f71fe972f4d0ede43016a065ca6c4"},{"path":"\/template\/offline\/admin.html","checksum":"452e3a0c0638c66143c354c4833ee13c"},{"path":"\/template\/offline\/adminconfig.html","checksum":"bee75e7d4ce23355700a213e83bc0932"},{"path":"\/template\/offline\/config.html","checksum":"e2be170a8ebf58034c85a07369b80153"},{"path":"\/template\/offline\/menu\/add.html","checksum":"086a0fd48e9a0d7400fec8c8f4891456"},{"path":"\/template\/offline\/menu\/list.html","checksum":"5e43e754c07f33b806057af2eb883af2"},{"path":"\/template\/offline\/qrcode.html","checksum":"2100c8c55157f9b96dccebbaaf1b669b"},{"path":"\/template\/offline\/record.html","checksum":"984353f5451f7207d72d144865be0fcd"},{"path":"\/template\/plugin\/form\/add.html","checksum":"40fdd2c84ae7e9894f5f6ab421e7fc2c"},{"path":"\/template\/plugin\/form\/index.html","checksum":"9bd462f42729cf7af0f12093d03b1b65"},{"path":"\/template\/update.html","checksum":"37a9c4ea8bf9a0b25c69d04ce2b08b71"},{"path":"\/template\/web\/adminconfig\/adminconfig_all.html","checksum":"38d9ce508b505b5fe7a8af74279cd781"},{"path":"\/template\/web\/adminconfig\/attachment.html","checksum":"70f7bc3debfe6d14c822a2bf9a699a4b"},{"path":"\/template\/web\/adminconfig\/basic.html","checksum":"9e670bd2e200988920dbcc5c7f57390c"},{"path":"\/template\/web\/adminconfig\/index.html","checksum":"d0a88e041b0327d75895925a8997b70f"},{"path":"\/template\/web\/adminconfig\/pay.html","checksum":"c5daba173556c94d597fb222473d9e2f"},{"path":"\/template\/web\/adminconfig\/pay_test.html","checksum":"179ddd5196782ea90c5b9266806f9bee"},{"path":"\/template\/web\/card\/editcount.html","checksum":"c420ea661f35521c74f7b58881092d01"},{"path":"\/template\/web\/card\/list.html","checksum":"5f0dd4a2927e3a0af8d7d84af0823012"},{"path":"\/template\/web\/cardtype\/add.html","checksum":"2cdebd3e7b087ded17bb8d2d6fbe09e6"},{"path":"\/template\/web\/cardtype\/list.html","checksum":"d26dc7dae31228df0fd85bfc3264cd86"},{"path":"\/template\/web\/cashier\/list.html","checksum":"fd2d20723daa065c0fe6cdc7cdffa242"},{"path":"\/template\/web\/config\/base.html","checksum":"be0d3a2efd3fe149b3b09b5e9be97e90"},{"path":"\/template\/wecard.html","checksum":"8fbd9390d45fd042ef5a888849c3e0b2"}]