[{"path":"\/token_image\/2017\/04\/07\/1491534050_58e700e26183f_3839.png","checksum":"eb69944c73ca59d21f13e52aea65172a"},{"path":"\/inc\/mobile\/bind.inc.php","checksum":"bfd52c5185d9e087739abca44cfda550"},{"path":"\/inc\/mobile\/staff.inc.php","checksum":"b94f748dab6bd7432d071211e53f955f"},{"path":"\/inc\/web\/index.inc.php","checksum":"c7905107d5a864cb4d14221afc9c19b9"},{"path":"\/inc\/web\/info.inc.php","checksum":"7db877b3b8359321dfc223605bfaf169"},{"path":"\/inc\/web\/staff.inc.php","checksum":"1adc9f1c8489b4c13362d42674a41783"},{"path":"\/install.php","checksum":"ae0dace1757c3f62f6a447f2a0b274ac"},{"path":"\/model.php","checksum":"01ef787d6abc14700164cdaba47aaa3c"},{"path":"\/module.php","checksum":"e025014261d1696d04731e5e5c80e6d9"},{"path":"\/preview.jpg","checksum":"c04eb60979a0ee765d91f574aed79e36"},{"path":"\/processor.php","checksum":"3f64c1df88df8e25027632f2f47b6732"},{"path":"\/receiver.php","checksum":"d11dcdbf3161703edbb3f469e810e711"},{"path":"\/require.php","checksum":"dddc70156ab28dfc042a747beeec4e10"},{"path":"\/site.php","checksum":"70c2fe08fe643b3bf7db047c0b682627"},{"path":"\/template\/base_head.html","checksum":"50e9662f54881b2d85b2cace14770e91"},{"path":"\/template\/css\/bootstrap.min.css","checksum":"6d63b7c3e57996c8ab84189bf437d476"},{"path":"\/template\/css\/css.css","checksum":"900dd3b94300f6fab1c847162370a8ef"},{"path":"\/template\/css\/datetimepicker.css","checksum":"7066d06b82b1f8b127ff716243f02e2a"},{"path":"\/template\/css\/font-awesome-ie7.css","checksum":"b5d6c68c27c60a53799aa3fa17058f5b"},{"path":"\/template\/css\/font-awesome-ie7.min.css","checksum":"4efc20143a3957f447ceeaa53695ceb6"},{"path":"\/template\/css\/font-awesome.css","checksum":"2d53b06f292dcb355b5e1a39ec065054"},{"path":"\/template\/css\/font-awesome.min.css","checksum":"66a22aeb3c6426e739d94a3deeb04209"},{"path":"\/template\/css\/jquery.mCustomScrollbar.css","checksum":"7751f158140b46076402d60c360103a0"},{"path":"\/template\/css\/layer.css","checksum":"256d69722d14eb385f419ff3192aeedb"},{"path":"\/template\/css\/new.css","checksum":"122054e79e7e2748ffa3b4b964a506e8"},{"path":"\/template\/css\/responsive.css","checksum":"6b6a1cac15d737ee4fff9969262687f9"},{"path":"\/template\/css\/style.css","checksum":"a3064350db8c723f1d33e6ad4e37cbef"},{"path":"\/template\/css\/wecard.css","checksum":"e6e191d1a6d0ec7d02032b1f6371ec97"},{"path":"\/template\/css\/zerogrid.css","checksum":"a2d8dbe704206ac8158a3f9768063c6d"},{"path":"\/template\/font\/FontAwesome.otf","checksum":"8daab3c4f8252e0c3a3069ac0913b4a4"},{"path":"\/template\/font\/font_1468390633_8859494.eot","checksum":"8152958a79159149698b8b24f324e0ae"},{"path":"\/template\/font\/fontawesome-webfont.eot","checksum":"8b27bc96115c2d24350f0d09e6a9433f"},{"path":"\/template\/font\/fontawesome-webfont.svg","checksum":"0a799148a50bb02c6f380eabd8d97559"},{"path":"\/template\/font\/fontawesome-webfont.ttf","checksum":"dcb26c7239d850266941e80370e207c1"},{"path":"\/template\/font\/fontawesome-webfont.woff","checksum":"3293616ec0c605c7c2db25829a0a509e"},{"path":"\/template\/footer.html","checksum":"47c2a7b75385f01fd118da989228ab57"},{"path":"\/template\/header.html","checksum":"c775d815adda4e37ff1a0130d293400d"},{"path":"\/template\/images\/logo.png","checksum":"8bc6498fe78e14b0213eff9ecebffb59"},{"path":"\/template\/images\/logo1.png","checksum":"2f470e653a054f1770759fe77e2b3b55"},{"path":"\/template\/images\/main_bg.jpg","checksum":"e499cfb396999421fcd5eefe0d4dcef6"},{"path":"\/template\/images\/member_card_control_z324410.png","checksum":"e4eb868a149567f339dd6a3a291deb37"},{"path":"\/template\/images\/user5.png","checksum":"0b1a21f6813885cb2499d7392d9ab6b6"},{"path":"\/template\/index.html","checksum":"1c62fbaa80fb98dbb71781cc4af11895"},{"path":"\/template\/info.html","checksum":"bd86453ec7e63c5062af4a9e4a05e57d"},{"path":"\/template\/js\/18846359.js","checksum":"572007a8f1a4c09a4e9d102eb29378b7"},{"path":"\/template\/js\/ajax.js","checksum":"213de33e67f2d2d0514f085c924f2a06"},{"path":"\/template\/js\/beau.js","checksum":"c0c4f78fbe7fdb321820010537db2f6d"},{"path":"\/template\/js\/bootstrap.min.css","checksum":"6d63b7c3e57996c8ab84189bf437d476"},{"path":"\/template\/js\/bootstrap.min.js","checksum":"046ba2b5f4cff7d2eaaa1af55caa9fd8"},{"path":"\/template\/js\/config.js","checksum":"93ff9795bea20b44aa789142ab9e29c0"},{"path":"\/template\/js\/html5.js","checksum":"69431f1ec831bacf31013dff2872cba0"},{"path":"\/template\/js\/jquery-ui-v1.10.3.js","checksum":"ac96aa1908dd2d45a9570e283395f809"},{"path":"\/template\/js\/jquery.countdown.js","checksum":"81d14d4ca59834ac334f6391d172a3d0"},{"path":"\/template\/js\/jquery.js","checksum":"7d857db29ba366d296a2af388eb9cf9f"},{"path":"\/template\/js\/jquery.layer.js","checksum":"a1b02fd7dd8186a6df16e8a24918f347"},{"path":"\/template\/js\/jquery.min.js","checksum":"0b6ecf17e30037994d3ffee51b525914"},{"path":"\/template\/js\/jquery.scrollUp.js","checksum":"c75141d23e07dd4f8fd6ed4d1943ac58"},{"path":"\/template\/js\/login.js","checksum":"611d5a67085e1e22836c5f4324015e48"},{"path":"\/template\/js\/menu.js","checksum":"b7cf37a1682d8c3d409d7826372cf8b9"},{"path":"\/template\/js\/require.js","checksum":"302c296d06fb6c52ddfd8150f8215fbb"},{"path":"\/template\/js\/skin\/icon.png","checksum":"551539f873d9ebe0792b120a9867d399"},{"path":"\/template\/js\/skin\/layer.css","checksum":"216944e13ef3bdbcf5b861d66e13eef7"},{"path":"\/template\/js\/util.js","checksum":"96a13e9dd2b3696d19b17a82afe9ecab"},{"path":"\/template\/js\/validate.js","checksum":"1ae9d40b7b970f3a32baabcdc34ad3e3"},{"path":"\/template\/js\/zebra.datepicker.min.js","checksum":"e989188ce6b3d1be56ccadbde88d82b5"},{"path":"\/template\/mobile\/css\/base.css","checksum":"f507c8218843f1e1938389d1a9911c4c"},{"path":"\/template\/mobile\/css\/bootstrap.min.css","checksum":"eedf9ee80c2faa4e1b9ab9017cdfcb88"},{"path":"\/template\/mobile\/css\/common.css","checksum":"e55747aed5f5d65f62f504f44b8aef65"},{"path":"\/template\/mobile\/css\/idangerous.swiper.css","checksum":"3584286ed55d1f7d17514b3adddfd4a7"},{"path":"\/template\/mobile\/css\/sea-plugins-style.css","checksum":"55c8c8423fafcd15b0c0a0b2736ab3a7"},{"path":"\/template\/mobile\/css\/swiper.min.css","checksum":"34d039f3c6f6fab16f180f1eef4f499d"},{"path":"\/template\/mobile\/css\/weui.min.css","checksum":"9fee2783f0d4b70922f1500a3e6e315c"},{"path":"\/template\/mobile\/images\/card_change_left.png","checksum":"613867a134817c6b48c4997e0ab8302f"},{"path":"\/template\/mobile\/images\/card_change_right.png","checksum":"b99f060ab704ea0603255c578ffbbc1b"},{"path":"\/template\/mobile\/images\/grade.png","checksum":"94cab3f1ef11bd2130c69789cafffd0e"},{"path":"\/template\/mobile\/images\/maincardMark.png","checksum":"c6cf03a083d7a167a50309edceae97fb"},{"path":"\/template\/mobile\/js\/bootstrap.min.js","checksum":"b6d6c550cb657155feb06fdcd34b73cb"},{"path":"\/template\/mobile\/js\/idangerous.swiper.min.js","checksum":"7de2bf43a07b9400d4d1e4a815e7a1b1"},{"path":"\/template\/mobile\/js\/jquery.js","checksum":"df3157a9efd038511b82d69275717b60"},{"path":"\/template\/mobile\/js\/localstorage.js","checksum":"da197c2c7fefcaf5aeb7e7cd3852064d"},{"path":"\/template\/mobile\/js\/plugin.js","checksum":"ef39c9721089fa820d52642fd6885b68"},{"path":"\/template\/mobile\/js\/seapopup.js","checksum":"f435beb59be4a6128d3954a57f72023b"},{"path":"\/template\/mobile\/js\/template.js","checksum":"dd622e58c9a123bbf70a159c8b3b0f10"},{"path":"\/template\/mobile\/js\/toolutil.js","checksum":"917a5ec07f00afaaa5cda28ec1ad553e"},{"path":"\/template\/mobile\/staff.html","checksum":"d9e2cdfe727939e12cdc13a5280d7404"},{"path":"\/template\/nav.html","checksum":"6fa05f55a5c49316e4ecf5e44a808763"},{"path":"\/template\/shop_add.html","checksum":"90aa1e7bc04f4b65fc751a09d37a0939"},{"path":"\/template\/staff.html","checksum":"6f2e21b66f99498cd3896bff877d4772"},{"path":"\/template\/staff_add.html","checksum":"64fa9704343db4c571038b614d056448"}]